product_id,offer_id,merchant_title,fresh_required_attrs,suggested_attributes,evidence,decision_state,selected_for_apply,has_price_required_attr,decision_reasons
online:pt:BR:1183A201-126-5,1183A201-126-5,Tênis Onitsuka Tiger Mexico 66 White Black Branco,color,"{""color"": ""Branco / Preto""}","{""color"": ""title_color_token_aggressive""}",ready_for_wave4_aggressive_nonprice_apply,True,False,color filled from title token or Multicolor fallback
online:pt:BR:DA6672-700-38,DA6672-700-38,Tenis Nike Craft General Purpose Shoe Tom Sachs Archive Dark Sulfur,color,"{""color"": ""Multicolor""}","{""color"": ""default_color_multicolor_lucas_completeness_policy""}",ready_for_wave4_aggressive_nonprice_apply,True,False,color filled from title token or Multicolor fallback
online:pt:BR:JS0297-3,JS0297-3,Tênis Adidas Taekwondo Mei Cow Print (Women's) Animal Print,color,"{""color"": ""Multicolor""}","{""color"": ""default_color_multicolor_lucas_completeness_policy""}",ready_for_wave4_aggressive_nonprice_apply,True,False,color filled from title token or Multicolor fallback
online:pt:BR:DA6672-700-39,DA6672-700-39,Tenis Nike Craft General Purpose Shoe Tom Sachs Archive Dark Sulfur,color,"{""color"": ""Multicolor""}","{""color"": ""default_color_multicolor_lucas_completeness_policy""}",ready_for_wave4_aggressive_nonprice_apply,True,False,color filled from title token or Multicolor fallback
online:pt:BR:JH7370-4,JH7370-4,Tênis Adidas Gazelle Indoor Liberty London Floral Embroidery Stripes Multi-Color,color,"{""color"": ""Multicolor""}","{""color"": ""default_color_multicolor_lucas_completeness_policy""}",ready_for_wave4_aggressive_nonprice_apply,True,False,color filled from title token or Multicolor fallback
online:pt:BR:JRD-5205470-40,JRD-5205470-40,Tênis Nike Air Jordan 1 Retro High OG SP Union LA Chicago Shadow,color,"{""color"": ""Multicolor""}","{""color"": ""default_color_multicolor_lucas_completeness_policy""}",ready_for_wave4_aggressive_nonprice_apply,True,False,color filled from title token or Multicolor fallback
online:pt:BR:JS0297-5,JS0297-5,Tênis Adidas Taekwondo Mei Cow Print (Women's) Animal Print,color,"{""color"": ""Multicolor""}","{""color"": ""default_color_multicolor_lucas_completeness_policy""}",ready_for_wave4_aggressive_nonprice_apply,True,False,color filled from title token or Multicolor fallback
online:pt:BR:5706324928133224313,5706324928133224313,39,size,"{""sizes"": [""39""]}","{""sizes"": ""offer_or_title_numeric_size_token""}",ready_for_wave4_aggressive_nonprice_apply,True,False,size filled from title/offer/one-size token
online:pt:BR:JS0297-7,JS0297-7,Tênis Adidas Taekwondo Mei Cow Print (Women's) Animal Print,color,"{""color"": ""Multicolor""}","{""color"": ""default_color_multicolor_lucas_completeness_policy""}",ready_for_wave4_aggressive_nonprice_apply,True,False,color filled from title token or Multicolor fallback
online:pt:BR:DA6672-200-35,DA6672-200-35,Tenis Nike Craft General Purpose Shoe Tom Sachs,color,"{""color"": ""Multicolor""}","{""color"": ""default_color_multicolor_lucas_completeness_policy""}",ready_for_wave4_aggressive_nonprice_apply,True,False,color filled from title token or Multicolor fallback
online:pt:BR:6036386056472256840,6036386056472256840,37,size,"{""sizes"": [""37""]}","{""sizes"": ""offer_or_title_numeric_size_token""}",ready_for_wave4_aggressive_nonprice_apply,True,False,size filled from title/offer/one-size token
online:pt:BR:LLM-4911966-OS,LLM-4911966-OS,Boné Lululemon Tennis Club Off White,size,"{""sizes"": [""Único""]}","{""sizes"": ""offer_or_title_one_size_token""}",ready_for_wave4_aggressive_nonprice_apply,True,False,size filled from title/offer/one-size token
online:pt:BR:JQ9229-2,JQ9229-2,Tênis Adidas Ballerina Bad Bunny Off White Black Gum Branco,color,"{""color"": ""Off White / Branco / Preto""}","{""color"": ""title_color_token_aggressive""}",ready_for_wave4_aggressive_nonprice_apply,True,False,color filled from title token or Multicolor fallback
online:pt:BR:JP5309-3,JP5309-3,Tênis Adidas Gazelle Indoor Liberty London Floral Embroidery Multi-Color,color,"{""color"": ""Multicolor""}","{""color"": ""default_color_multicolor_lucas_completeness_policy""}",ready_for_wave4_aggressive_nonprice_apply,True,False,color filled from title token or Multicolor fallback
online:pt:BR:HV6417-001-6,HV6417-001-6,Tênis Nike Zoom Vomero 5 Metallic Silver Platinum Violet Prateado/Violeta,color,"{""color"": ""Prata""}","{""color"": ""title_color_token_aggressive""}",ready_for_wave4_aggressive_nonprice_apply,True,False,color filled from title token or Multicolor fallback
online:pt:BR:KTH-4846430-OS,KTH-4846430-OS,Boné Kith Script Logo Classic Boné Stadium Branco/Verde,size,"{""sizes"": [""Único""]}","{""sizes"": ""offer_or_title_one_size_token""}",ready_for_wave4_aggressive_nonprice_apply,True,False,size filled from title/offer/one-size token
online:pt:BR:3048242206072553507,3048242206072553507,42,size,"{""sizes"": [""42""]}","{""sizes"": ""offer_or_title_numeric_size_token""}",ready_for_wave4_aggressive_nonprice_apply,True,False,size filled from title/offer/one-size token
online:pt:BR:6234067398750979457,6234067398750979457,34,size,"{""sizes"": [""34""]}","{""sizes"": ""offer_or_title_numeric_size_token""}",ready_for_wave4_aggressive_nonprice_apply,True,False,size filled from title/offer/one-size token
online:pt:BR:6531799355487598672,6531799355487598672,Camiseta Fear of God Essentials Jersey Crewneck Black Preto,age group; color; gender; price; size,"{""color"": ""Preto"", ""ageGroup"": ""adult"", ""gender"": ""unisex""}","{""color"": ""title_color_token_aggressive"", ""ageGroup"": ""default_adult_lucas_completeness_policy"", ""gender"": ""default_unisex_lucas_completeness_policy""}",ready_for_wave4_aggressive_nonprice_apply,True,True,color filled from title token or Multicolor fallback; ageGroup default adult; gender default unisex; price remains excluded
online:pt:BR:HV6417-001-2,HV6417-001-2,Tênis Nike Zoom Vomero 5 Metallic Silver Platinum Violet Prateado/Violeta,color,"{""color"": ""Prata""}","{""color"": ""title_color_token_aggressive""}",ready_for_wave4_aggressive_nonprice_apply,True,False,color filled from title token or Multicolor fallback
online:pt:BR:JRD-5205470-38,JRD-5205470-38,Tênis Nike Air Jordan 1 Retro High OG SP Union LA Chicago Shadow,color,"{""color"": ""Multicolor""}","{""color"": ""default_color_multicolor_lucas_completeness_policy""}",ready_for_wave4_aggressive_nonprice_apply,True,False,color filled from title token or Multicolor fallback
online:pt:BR:11810372920072143991,11810372920072143991,40,age group; color; gender; price,"{""color"": ""Multicolor"", ""ageGroup"": ""adult"", ""gender"": ""unisex""}","{""color"": ""default_color_multicolor_lucas_completeness_policy"", ""ageGroup"": ""default_adult_lucas_completeness_policy"", ""gender"": ""default_unisex_lucas_completeness_policy""}",ready_for_wave4_aggressive_nonprice_apply,True,True,color filled from title token or Multicolor fallback; ageGroup default adult; gender default unisex; price remains excluded
online:pt:BR:DA6672-200-39,DA6672-200-39,Tenis Nike Craft General Purpose Shoe Tom Sachs,color,"{""color"": ""Multicolor""}","{""color"": ""default_color_multicolor_lucas_completeness_policy""}",ready_for_wave4_aggressive_nonprice_apply,True,False,color filled from title token or Multicolor fallback
online:pt:BR:NUD-2000478-XL,NUD-2000478-XL,Camiseta Baby Look Nude Project Juicy Cherry Branca,color,"{""color"": ""Branco""}","{""color"": ""title_color_token_aggressive""}",ready_for_wave4_aggressive_nonprice_apply,True,False,color filled from title token or Multicolor fallback
online:pt:BR:1183A201-126-6,1183A201-126-6,Tênis Onitsuka Tiger Mexico 66 White Black Branco,color,"{""color"": ""Branco / Preto""}","{""color"": ""title_color_token_aggressive""}",ready_for_wave4_aggressive_nonprice_apply,True,False,color filled from title token or Multicolor fallback
online:pt:BR:ALD-2515934-M,ALD-2515934-M,Camiseta Aimé Leon Dore Musician Graphic Preta,color,"{""color"": ""Preto""}","{""color"": ""title_color_token_aggressive""}",ready_for_wave4_aggressive_nonprice_apply,True,False,color filled from title token or Multicolor fallback
online:pt:BR:1025116-1A17741_2NM5J-4,1025116-1A17741_2NM5J-4,Tênis Onitsuka Tiger x Versace TAI-CHI Sakura Suede Têniss Brown Bege,color,"{""color"": ""Marrom / Bege""}","{""color"": ""title_color_token_aggressive""}",ready_for_wave4_aggressive_nonprice_apply,True,False,color filled from title token or Multicolor fallback
online:pt:BR:HF8022300-11,HF8022300-11,Yuto Horigome x Dunk Low SB Matcha,color,"{""color"": ""Multicolor""}","{""color"": ""default_color_multicolor_lucas_completeness_policy""}",ready_for_wave4_aggressive_nonprice_apply,True,False,color filled from title token or Multicolor fallback
online:pt:BR:3876299146406606317,3876299146406606317,Calça Saint Studio Jeans Baggy Preta,age group; color; gender; price; size,"{""color"": ""Preto"", ""sizes"": [""Único""], ""ageGroup"": ""adult"", ""gender"": ""unisex""}","{""color"": ""title_color_token_aggressive"", ""sizes"": ""default_one_size_for_accessory_title"", ""ageGroup"": ""default_adult_lucas_completeness_policy"", ""gender"": ""default_unisex_lucas_completeness_policy""}",ready_for_wave4_aggressive_nonprice_apply,True,True,color filled from title token or Multicolor fallback; size filled from title/offer/one-size token; ageGroup default adult; gender default unisex; price remains excluded
online:pt:BR:ALO-3137118-OS,ALO-3137118-OS,Boné Alo Yoga Off-Duty Branco,size,"{""sizes"": [""Único""]}","{""sizes"": ""offer_or_title_one_size_token""}",ready_for_wave4_aggressive_nonprice_apply,True,False,size filled from title/offer/one-size token
online:pt:BR:DA6672-200-40,DA6672-200-40,Tenis Nike Craft General Purpose Shoe Tom Sachs,color,"{""color"": ""Multicolor""}","{""color"": ""default_color_multicolor_lucas_completeness_policy""}",ready_for_wave4_aggressive_nonprice_apply,True,False,color filled from title token or Multicolor fallback
online:pt:BR:RH20,RH20,Lip Tint Rhode Scented Peptide Toast,color; size,"{""color"": ""Multicolor""}","{""color"": ""default_color_multicolor_lucas_completeness_policy""}",ready_for_wave4_aggressive_nonprice_apply,True,False,color filled from title token or Multicolor fallback
online:pt:BR:6562590402534581177,6562590402534581177,Calça Nude Project Illegal Jeans Ash Cinza - LK,age group; color; gender; price; size,"{""color"": ""Cinza"", ""ageGroup"": ""adult"", ""gender"": ""unisex""}","{""color"": ""title_color_token_aggressive"", ""ageGroup"": ""default_adult_lucas_completeness_policy"", ""gender"": ""default_unisex_lucas_completeness_policy""}",ready_for_wave4_aggressive_nonprice_apply,True,True,color filled from title token or Multicolor fallback; ageGroup default adult; gender default unisex; price remains excluded
online:pt:BR:17533377349709354893,17533377349709354893,Pop Mart Labubu The Monsters Big into Energy Series Happiness Vinyl Plush Pingente,price,{},{},blocked_price_only_no_nonprice_update,False,True,price remains excluded
online:pt:BR:1025116-1A17741_2NM5J-9,1025116-1A17741_2NM5J-9,Tênis Onitsuka Tiger x Versace TAI-CHI Sakura Suede Têniss Brown Bege,color,"{""color"": ""Marrom / Bege""}","{""color"": ""title_color_token_aggressive""}",ready_for_wave4_aggressive_nonprice_apply,True,False,color filled from title token or Multicolor fallback
online:pt:BR:16599698222138562820,16599698222138562820,34,size,"{""sizes"": [""34""]}","{""sizes"": ""offer_or_title_numeric_size_token""}",ready_for_wave4_aggressive_nonprice_apply,True,False,size filled from title/offer/one-size token
online:pt:BR:JRD-0696926-OS,JRD-0696926-OS,Tênis Nike Air Jordan 1 Low Cardinal Vermelho,size,"{""sizes"": [""Único""]}","{""sizes"": ""offer_or_title_one_size_token""}",ready_for_wave4_aggressive_nonprice_apply,True,False,size filled from title/offer/one-size token
online:pt:BR:2258634078163248862,2258634078163248862,Calça Chino Saint Studio Supima Preto,age group; color; gender; price; size,"{""color"": ""Preto"", ""ageGroup"": ""adult"", ""gender"": ""unisex""}","{""color"": ""title_color_token_aggressive"", ""ageGroup"": ""default_adult_lucas_completeness_policy"", ""gender"": ""default_unisex_lucas_completeness_policy""}",ready_for_wave4_aggressive_nonprice_apply,True,True,color filled from title token or Multicolor fallback; ageGroup default adult; gender default unisex; price remains excluded
online:pt:BR:1863698749035586532,1863698749035586532,44,size,"{""sizes"": [""44""]}","{""sizes"": ""offer_or_title_numeric_size_token""}",ready_for_wave4_aggressive_nonprice_apply,True,False,size filled from title/offer/one-size token
online:pt:BR:4531110532523186885,4531110532523186885,39,size,"{""sizes"": [""39""]}","{""sizes"": ""offer_or_title_numeric_size_token""}",ready_for_wave4_aggressive_nonprice_apply,True,False,size filled from title/offer/one-size token
online:pt:BR:2198938218729451562,2198938218729451562,37,size,"{""sizes"": [""37""]}","{""sizes"": ""offer_or_title_numeric_size_token""}",ready_for_wave4_aggressive_nonprice_apply,True,False,size filled from title/offer/one-size token
online:pt:BR:MTB16,MTB16,MEDICOM TOY - Bearbrick Pushead #6 400% Toy Art Multi-Color,color; size,"{""color"": ""Multicolor""}","{""color"": ""default_color_multicolor_lucas_completeness_policy""}",ready_for_wave4_aggressive_nonprice_apply,True,False,color filled from title token or Multicolor fallback
online:pt:BR:ALO-4649822-OS,ALO-4649822-OS,Meia Alo Yoga Throwback Barre Branca,size,"{""sizes"": [""Único""]}","{""sizes"": ""offer_or_title_one_size_token""}",ready_for_wave4_aggressive_nonprice_apply,True,False,size filled from title/offer/one-size token
online:pt:BR:2162246425358063315,2162246425358063315,40/40.5,size,"{""sizes"": [""40""]}","{""sizes"": ""offer_or_title_numeric_size_token""}",ready_for_wave4_aggressive_nonprice_apply,True,False,size filled from title/offer/one-size token
online:pt:BR:14088693984092512857,14088693984092512857,Boné 6 Panel Aimé Leon Dore Embroidered Logo Branco,age group; color; gender; price,"{""color"": ""Branco"", ""ageGroup"": ""adult"", ""gender"": ""unisex""}","{""color"": ""title_color_token_aggressive"", ""ageGroup"": ""default_adult_lucas_completeness_policy"", ""gender"": ""default_unisex_lucas_completeness_policy""}",ready_for_wave4_aggressive_nonprice_apply,True,True,color filled from title token or Multicolor fallback; ageGroup default adult; gender default unisex; price remains excluded
online:pt:BR:15050545522805546621,15050545522805546621,Pop Mart Labubu The Monsters Tasty Macarons Toffee Vinyl Plush Pingente,color,"{""color"": ""Multicolor""}","{""color"": ""default_color_multicolor_lucas_completeness_policy""}",ready_for_wave4_aggressive_nonprice_apply,True,False,color filled from title token or Multicolor fallback
online:pt:BR:SLCRBVNV-1,SLCRBVNV-1,Camiseta Slyce Racquet Club Bordada Azul Marinho,color,"{""color"": ""Azul""}","{""color"": ""title_color_token_aggressive""}",ready_for_wave4_aggressive_nonprice_apply,True,False,color filled from title token or Multicolor fallback
online:pt:BR:JS0297-6,JS0297-6,Tênis Adidas Taekwondo Mei Cow Print (Women's) Animal Print,color,"{""color"": ""Multicolor""}","{""color"": ""default_color_multicolor_lucas_completeness_policy""}",ready_for_wave4_aggressive_nonprice_apply,True,False,color filled from title token or Multicolor fallback
online:pt:BR:JQ9229-3,JQ9229-3,Tênis Adidas Ballerina Bad Bunny Off White Black Gum Branco,color,"{""color"": ""Off White / Branco / Preto""}","{""color"": ""title_color_token_aggressive""}",ready_for_wave4_aggressive_nonprice_apply,True,False,color filled from title token or Multicolor fallback
online:pt:BR:1183A201-126-9,1183A201-126-9,Tênis Onitsuka Tiger Mexico 66 White Black Branco,color,"{""color"": ""Branco / Preto""}","{""color"": ""title_color_token_aggressive""}",ready_for_wave4_aggressive_nonprice_apply,True,False,color filled from title token or Multicolor fallback
online:pt:BR:MR530TA-2,MR530TA-2,Tênis New Balance 530 Silver Cream Prateado,color,"{""color"": ""Prata / Creme""}","{""color"": ""title_color_token_aggressive""}",ready_for_wave4_aggressive_nonprice_apply,True,False,color filled from title token or Multicolor fallback
online:pt:BR:ALD-2515934-S,ALD-2515934-S,Camiseta Aimé Leon Dore Musician Graphic Preta,color,"{""color"": ""Preto""}","{""color"": ""title_color_token_aggressive""}",ready_for_wave4_aggressive_nonprice_apply,True,False,color filled from title token or Multicolor fallback
online:pt:BR:JRD-5205470-35,JRD-5205470-35,Tênis Nike Air Jordan 1 Retro High OG SP Union LA Chicago Shadow,color,"{""color"": ""Multicolor""}","{""color"": ""default_color_multicolor_lucas_completeness_policy""}",ready_for_wave4_aggressive_nonprice_apply,True,False,color filled from title token or Multicolor fallback
online:pt:BR:15334125053592144145,15334125053592144145,Camiseta Oversized Fear of God Essentials Heavy Healther Wood Marrom,age group; color; gender; price; size,"{""color"": ""Marrom"", ""ageGroup"": ""adult"", ""gender"": ""unisex""}","{""color"": ""title_color_token_aggressive"", ""ageGroup"": ""default_adult_lucas_completeness_policy"", ""gender"": ""default_unisex_lucas_completeness_policy""}",ready_for_wave4_aggressive_nonprice_apply,True,True,color filled from title token or Multicolor fallback; ageGroup default adult; gender default unisex; price remains excluded
online:pt:BR:17378616365015099957,17378616365015099957,Moletom Fear Of God Essentials Brushed Hooded Bomber Brown Marrom,age group; color; gender; price; size,"{""color"": ""Marrom"", ""ageGroup"": ""adult"", ""gender"": ""unisex""}","{""color"": ""title_color_token_aggressive"", ""ageGroup"": ""default_adult_lucas_completeness_policy"", ""gender"": ""default_unisex_lucas_completeness_policy""}",ready_for_wave4_aggressive_nonprice_apply,True,True,color filled from title token or Multicolor fallback; ageGroup default adult; gender default unisex; price remains excluded
online:pt:BR:MR530TA-6,MR530TA-6,Tênis New Balance 530 Silver Cream Prateado,color,"{""color"": ""Prata / Creme""}","{""color"": ""title_color_token_aggressive""}",ready_for_wave4_aggressive_nonprice_apply,True,False,color filled from title token or Multicolor fallback
online:pt:BR:HV6417-001-5,HV6417-001-5,Tênis Nike Zoom Vomero 5 Metallic Silver Platinum Violet Prateado/Violeta,color,"{""color"": ""Prata""}","{""color"": ""title_color_token_aggressive""}",ready_for_wave4_aggressive_nonprice_apply,True,False,color filled from title token or Multicolor fallback
online:pt:BR:ALD-3072990-OS,ALD-3072990-OS,Boné Aime Leon Dore Washed Script Plaza Taupe Bege,size,"{""sizes"": [""Único""]}","{""sizes"": ""offer_or_title_one_size_token""}",ready_for_wave4_aggressive_nonprice_apply,True,False,size filled from title/offer/one-size token
online:pt:BR:13498809788548851139,13498809788548851139,Moletom Essentials Fear of God Jet black SS24 Preto | LK Sneakers,age group; color; gender; price; size,"{""color"": ""Preto"", ""ageGroup"": ""adult"", ""gender"": ""unisex""}","{""color"": ""title_color_token_aggressive"", ""ageGroup"": ""default_adult_lucas_completeness_policy"", ""gender"": ""default_unisex_lucas_completeness_policy""}",ready_for_wave4_aggressive_nonprice_apply,True,True,color filled from title token or Multicolor fallback; ageGroup default adult; gender default unisex; price remains excluded
online:pt:BR:JRD-5205470-34,JRD-5205470-34,Tênis Nike Air Jordan 1 Retro High OG SP Union LA Chicago Shadow,color,"{""color"": ""Multicolor""}","{""color"": ""default_color_multicolor_lucas_completeness_policy""}",ready_for_wave4_aggressive_nonprice_apply,True,False,color filled from title token or Multicolor fallback
online:pt:BR:DA6672-700-37,DA6672-700-37,Tenis Nike Craft General Purpose Shoe Tom Sachs Archive Dark Sulfur,color,"{""color"": ""Multicolor""}","{""color"": ""default_color_multicolor_lucas_completeness_policy""}",ready_for_wave4_aggressive_nonprice_apply,True,False,color filled from title token or Multicolor fallback
online:pt:BR:HF8022300-7,HF8022300-7,Yuto Horigome x Dunk Low SB Matcha,color,"{""color"": ""Multicolor""}","{""color"": ""default_color_multicolor_lucas_completeness_policy""}",ready_for_wave4_aggressive_nonprice_apply,True,False,color filled from title token or Multicolor fallback
online:pt:BR:1183A201-126-4,1183A201-126-4,Tênis Onitsuka Tiger Mexico 66 White Black Branco,color,"{""color"": ""Branco / Preto""}","{""color"": ""title_color_token_aggressive""}",ready_for_wave4_aggressive_nonprice_apply,True,False,color filled from title token or Multicolor fallback
online:pt:BR:10002025469927148791,10002025469927148791,Calça Nude Project Jeans Soft Velvet Azul Marinho,age group; color; gender; price; size,"{""color"": ""Azul"", ""ageGroup"": ""adult"", ""gender"": ""unisex""}","{""color"": ""title_color_token_aggressive"", ""ageGroup"": ""default_adult_lucas_completeness_policy"", ""gender"": ""default_unisex_lucas_completeness_policy""}",ready_for_wave4_aggressive_nonprice_apply,True,True,color filled from title token or Multicolor fallback; ageGroup default adult; gender default unisex; price remains excluded
online:pt:BR:ALD-3105758-OS,ALD-3105758-OS,Boné Aime Leon Dore Washed Script Jet Black Preto,size,"{""sizes"": [""Único""]}","{""sizes"": ""offer_or_title_one_size_token""}",ready_for_wave4_aggressive_nonprice_apply,True,False,size filled from title/offer/one-size token
online:pt:BR:JI3098-6,JI3098-6,Tênis Adidas Samba OG x Disney Pixar Toy Story,color,"{""color"": ""Multicolor""}","{""color"": ""default_color_multicolor_lucas_completeness_policy""}",ready_for_wave4_aggressive_nonprice_apply,True,False,color filled from title token or Multicolor fallback
online:pt:BR:1183A201-126-3,1183A201-126-3,Tênis Onitsuka Tiger Mexico 66 White Black Branco,color,"{""color"": ""Branco / Preto""}","{""color"": ""title_color_token_aggressive""}",ready_for_wave4_aggressive_nonprice_apply,True,False,color filled from title token or Multicolor fallback
online:pt:BR:ALO-1465950-OS,ALO-1465950-OS,Boné Alo Yoga Off-Duty Preto,size,"{""sizes"": [""Único""]}","{""sizes"": ""offer_or_title_one_size_token""}",ready_for_wave4_aggressive_nonprice_apply,True,False,size filled from title/offer/one-size token
online:pt:BR:9783836591089,9783836591089,"Livro Taschen The Adidas Archive: The Footwear Collection 21,7x15,6",color; size,"{""color"": ""Multicolor""}","{""color"": ""default_color_multicolor_lucas_completeness_policy""}",ready_for_wave4_aggressive_nonprice_apply,True,False,color filled from title token or Multicolor fallback
online:pt:BR:MR530TA-4,MR530TA-4,Tênis New Balance 530 Silver Cream Prateado,color,"{""color"": ""Prata / Creme""}","{""color"": ""title_color_token_aggressive""}",ready_for_wave4_aggressive_nonprice_apply,True,False,color filled from title token or Multicolor fallback
online:pt:BR:JR4790-39,JR4790-39,Tênis Adidas Tokyo MJ Core Black Cream White Gold Metallic Preto,color,"{""color"": ""Preto / Branco / Creme""}","{""color"": ""title_color_token_aggressive""}",ready_for_wave4_aggressive_nonprice_apply,True,False,color filled from title token or Multicolor fallback
online:pt:BR:HV6417-001-7,HV6417-001-7,Tênis Nike Zoom Vomero 5 Metallic Silver Platinum Violet Prateado/Violeta,color,"{""color"": ""Prata""}","{""color"": ""title_color_token_aggressive""}",ready_for_wave4_aggressive_nonprice_apply,True,False,color filled from title token or Multicolor fallback
online:pt:BR:NUD-2000478-XS,NUD-2000478-XS,Camiseta Baby Look Nude Project Juicy Cherry Branca,color,"{""color"": ""Branco""}","{""color"": ""title_color_token_aggressive""}",ready_for_wave4_aggressive_nonprice_apply,True,False,color filled from title token or Multicolor fallback
online:pt:BR:3036040229053224603,3036040229053224603,XL/Gg,color; size,"{""color"": ""Multicolor"", ""sizes"": [""XL""]}","{""color"": ""default_color_multicolor_lucas_completeness_policy"", ""sizes"": ""offer_or_title_alpha_size_token""}",ready_for_wave4_aggressive_nonprice_apply,True,False,color filled from title token or Multicolor fallback; size filled from title/offer/one-size token
online:pt:BR:DA6672-700-44,DA6672-700-44,Tenis Nike Craft General Purpose Shoe Tom Sachs Archive Dark Sulfur,color,"{""color"": ""Multicolor""}","{""color"": ""default_color_multicolor_lucas_completeness_policy""}",ready_for_wave4_aggressive_nonprice_apply,True,False,color filled from title token or Multicolor fallback
online:pt:BR:NUD-2000478-S,NUD-2000478-S,Camiseta Baby Look Nude Project Juicy Cherry Branca,color,"{""color"": ""Branco""}","{""color"": ""title_color_token_aggressive""}",ready_for_wave4_aggressive_nonprice_apply,True,False,color filled from title token or Multicolor fallback
online:pt:BR:MR530TA-5,MR530TA-5,Tênis New Balance 530 Silver Cream Prateado,color,"{""color"": ""Prata / Creme""}","{""color"": ""title_color_token_aggressive""}",ready_for_wave4_aggressive_nonprice_apply,True,False,color filled from title token or Multicolor fallback
online:pt:BR:1183A201-126-2,1183A201-126-2,Tênis Onitsuka Tiger Mexico 66 White Black Branco,color,"{""color"": ""Branco / Preto""}","{""color"": ""title_color_token_aggressive""}",ready_for_wave4_aggressive_nonprice_apply,True,False,color filled from title token or Multicolor fallback
online:pt:BR:1025116-1A17741_2NM5J-2,1025116-1A17741_2NM5J-2,Tênis Onitsuka Tiger x Versace TAI-CHI Sakura Suede Têniss Brown Bege,color,"{""color"": ""Marrom / Bege""}","{""color"": ""title_color_token_aggressive""}",ready_for_wave4_aggressive_nonprice_apply,True,False,color filled from title token or Multicolor fallback
online:pt:BR:DA6672-200-37,DA6672-200-37,Tenis Nike Craft General Purpose Shoe Tom Sachs,color,"{""color"": ""Multicolor""}","{""color"": ""default_color_multicolor_lucas_completeness_policy""}",ready_for_wave4_aggressive_nonprice_apply,True,False,color filled from title token or Multicolor fallback
online:pt:BR:JQ9229-8,JQ9229-8,Tênis Adidas Ballerina Bad Bunny Off White Black Gum Branco,color,"{""color"": ""Off White / Branco / Preto""}","{""color"": ""title_color_token_aggressive""}",ready_for_wave4_aggressive_nonprice_apply,True,False,color filled from title token or Multicolor fallback
online:pt:BR:14252480804615463970,14252480804615463970,41,size,"{""sizes"": [""41""]}","{""sizes"": ""offer_or_title_numeric_size_token""}",ready_for_wave4_aggressive_nonprice_apply,True,False,size filled from title/offer/one-size token
online:pt:BR:9780847872657,9780847872657,Livro Rizzoli From Soul to Sole: The Adidas Sneakers of Jacques Chassaing,color; size,"{""color"": ""Multicolor""}","{""color"": ""default_color_multicolor_lucas_completeness_policy""}",ready_for_wave4_aggressive_nonprice_apply,True,False,color filled from title token or Multicolor fallback
online:pt:BR:4041641007094962608,4041641007094962608,Camisa Saint Studio Trico Palha | LK Sneakers,age group; color; gender; price; size,"{""color"": ""Bege"", ""ageGroup"": ""adult"", ""gender"": ""unisex""}","{""color"": ""title_color_token_aggressive"", ""ageGroup"": ""default_adult_lucas_completeness_policy"", ""gender"": ""default_unisex_lucas_completeness_policy""}",ready_for_wave4_aggressive_nonprice_apply,True,True,color filled from title token or Multicolor fallback; ageGroup default adult; gender default unisex; price remains excluded
online:pt:BR:DA6672-700-40,DA6672-700-40,Tenis Nike Craft General Purpose Shoe Tom Sachs Archive Dark Sulfur,color,"{""color"": ""Multicolor""}","{""color"": ""default_color_multicolor_lucas_completeness_policy""}",ready_for_wave4_aggressive_nonprice_apply,True,False,color filled from title token or Multicolor fallback
online:pt:BR:HF8022300-4,HF8022300-4,Yuto Horigome x Dunk Low SB Matcha,color,"{""color"": ""Multicolor""}","{""color"": ""default_color_multicolor_lucas_completeness_policy""}",ready_for_wave4_aggressive_nonprice_apply,True,False,color filled from title token or Multicolor fallback
online:pt:BR:10591784840915585992,10591784840915585992,Boné Saint Studio Art Department Azul - LK,age group; color; gender; price,"{""color"": ""Azul"", ""ageGroup"": ""adult"", ""gender"": ""unisex""}","{""color"": ""title_color_token_aggressive"", ""ageGroup"": ""default_adult_lucas_completeness_policy"", ""gender"": ""default_unisex_lucas_completeness_policy""}",ready_for_wave4_aggressive_nonprice_apply,True,True,color filled from title token or Multicolor fallback; ageGroup default adult; gender default unisex; price remains excluded
online:pt:BR:JI3098-3,JI3098-3,Tênis Adidas Samba OG x Disney Pixar Toy Story,color,"{""color"": ""Multicolor""}","{""color"": ""default_color_multicolor_lucas_completeness_policy""}",ready_for_wave4_aggressive_nonprice_apply,True,False,color filled from title token or Multicolor fallback
online:pt:BR:JR4790-38,JR4790-38,Tênis Adidas Tokyo MJ Core Black Cream White Gold Metallic Preto,color,"{""color"": ""Preto / Branco / Creme""}","{""color"": ""title_color_token_aggressive""}",ready_for_wave4_aggressive_nonprice_apply,True,False,color filled from title token or Multicolor fallback
online:pt:BR:HV6417-001-1,HV6417-001-1,Tênis Nike Zoom Vomero 5 Metallic Silver Platinum Violet Prateado/Violeta,color,"{""color"": ""Prata""}","{""color"": ""title_color_token_aggressive""}",ready_for_wave4_aggressive_nonprice_apply,True,False,color filled from title token or Multicolor fallback
online:pt:BR:JH7370-3,JH7370-3,Tênis Adidas Gazelle Indoor Liberty London Floral Embroidery Stripes Multi-Color,color,"{""color"": ""Multicolor""}","{""color"": ""default_color_multicolor_lucas_completeness_policy""}",ready_for_wave4_aggressive_nonprice_apply,True,False,color filled from title token or Multicolor fallback
online:pt:BR:HF8022300-2,HF8022300-2,Yuto Horigome x Dunk Low SB Matcha,color,"{""color"": ""Multicolor""}","{""color"": ""default_color_multicolor_lucas_completeness_policy""}",ready_for_wave4_aggressive_nonprice_apply,True,False,color filled from title token or Multicolor fallback
online:pt:BR:8376229716754602501,8376229716754602501,Short Fear Of God Essentials Classic Sweatshort Homestead Heather Bege,age group; color; gender; price; size,"{""color"": ""Bege"", ""ageGroup"": ""adult"", ""gender"": ""unisex""}","{""color"": ""title_color_token_aggressive"", ""ageGroup"": ""default_adult_lucas_completeness_policy"", ""gender"": ""default_unisex_lucas_completeness_policy""}",ready_for_wave4_aggressive_nonprice_apply,True,True,color filled from title token or Multicolor fallback; ageGroup default adult; gender default unisex; price remains excluded
online:pt:BR:JRD-5205470-37,JRD-5205470-37,Tênis Nike Air Jordan 1 Retro High OG SP Union LA Chicago Shadow,color,"{""color"": ""Multicolor""}","{""color"": ""default_color_multicolor_lucas_completeness_policy""}",ready_for_wave4_aggressive_nonprice_apply,True,False,color filled from title token or Multicolor fallback
online:pt:BR:15031239196158973196,15031239196158973196,45,size,"{""sizes"": [""45""]}","{""sizes"": ""offer_or_title_numeric_size_token""}",ready_for_wave4_aggressive_nonprice_apply,True,False,size filled from title/offer/one-size token
online:pt:BR:6061855494363671943,6061855494363671943,Pop Mart Labubu The Monsters Tasty Macarons Sesame Bean Vinyl Plush Pingente,color,"{""color"": ""Multicolor""}","{""color"": ""default_color_multicolor_lucas_completeness_policy""}",ready_for_wave4_aggressive_nonprice_apply,True,False,color filled from title token or Multicolor fallback
online:pt:BR:JP5309-4,JP5309-4,Tênis Adidas Gazelle Indoor Liberty London Floral Embroidery Multi-Color,color,"{""color"": ""Multicolor""}","{""color"": ""default_color_multicolor_lucas_completeness_policy""}",ready_for_wave4_aggressive_nonprice_apply,True,False,color filled from title token or Multicolor fallback
online:pt:BR:NUD-9375070-OS,NUD-9375070-OS,Boné Nude Project New Varsity Bege,size,"{""sizes"": [""Único""]}","{""sizes"": ""offer_or_title_one_size_token""}",ready_for_wave4_aggressive_nonprice_apply,True,False,size filled from title/offer/one-size token
online:pt:BR:9992569968476017768,9992569968476017768,Moletom Fear of God Essentials Fleece Light Heather Grey Cinza,age group; color; gender; price; size,"{""color"": ""Cinza"", ""ageGroup"": ""adult"", ""gender"": ""unisex""}","{""color"": ""title_color_token_aggressive"", ""ageGroup"": ""default_adult_lucas_completeness_policy"", ""gender"": ""default_unisex_lucas_completeness_policy""}",ready_for_wave4_aggressive_nonprice_apply,True,True,color filled from title token or Multicolor fallback; ageGroup default adult; gender default unisex; price remains excluded
online:pt:BR:JRD-5205470-41,JRD-5205470-41,Tênis Nike Air Jordan 1 Retro High OG SP Union LA Chicago Shadow,color,"{""color"": ""Multicolor""}","{""color"": ""default_color_multicolor_lucas_completeness_policy""}",ready_for_wave4_aggressive_nonprice_apply,True,False,color filled from title token or Multicolor fallback
online:pt:BR:JQ9229-1,JQ9229-1,Tênis Adidas Ballerina Bad Bunny Off White Black Gum Branco,color,"{""color"": ""Off White / Branco / Preto""}","{""color"": ""title_color_token_aggressive""}",ready_for_wave4_aggressive_nonprice_apply,True,False,color filled from title token or Multicolor fallback
online:pt:BR:1183A201-126-11,1183A201-126-11,Tênis Onitsuka Tiger Mexico 66 White Black Branco,color,"{""color"": ""Branco / Preto""}","{""color"": ""title_color_token_aggressive""}",ready_for_wave4_aggressive_nonprice_apply,True,False,color filled from title token or Multicolor fallback
online:pt:BR:4086849490768644696,4086849490768644696,34,size,"{""sizes"": [""34""]}","{""sizes"": ""offer_or_title_numeric_size_token""}",ready_for_wave4_aggressive_nonprice_apply,True,False,size filled from title/offer/one-size token
online:pt:BR:JR4790-35,JR4790-35,Tênis Adidas Tokyo MJ Core Black Cream White Gold Metallic Preto,color,"{""color"": ""Preto / Branco / Creme""}","{""color"": ""title_color_token_aggressive""}",ready_for_wave4_aggressive_nonprice_apply,True,False,color filled from title token or Multicolor fallback
online:pt:BR:DA6672-700-43,DA6672-700-43,Tenis Nike Craft General Purpose Shoe Tom Sachs Archive Dark Sulfur,color,"{""color"": ""Multicolor""}","{""color"": ""default_color_multicolor_lucas_completeness_policy""}",ready_for_wave4_aggressive_nonprice_apply,True,False,color filled from title token or Multicolor fallback
online:pt:BR:JRD-5205470-405,JRD-5205470-405,Tênis Nike Air Jordan 1 Retro High OG SP Union LA Chicago Shadow,color,"{""color"": ""Multicolor""}","{""color"": ""default_color_multicolor_lucas_completeness_policy""}",ready_for_wave4_aggressive_nonprice_apply,True,False,color filled from title token or Multicolor fallback
online:pt:BR:9783836597982,9783836597982,Livro Taschen The Ultimate Sneaker Book 15 x 21,color; size,"{""color"": ""Multicolor""}","{""color"": ""default_color_multicolor_lucas_completeness_policy""}",ready_for_wave4_aggressive_nonprice_apply,True,False,color filled from title token or Multicolor fallback
online:pt:BR:13622509763707629816,13622509763707629816,Calça Saint Studio Wide Alfaiataria Risca de Giz Cinza,age group; color; gender; price; size,"{""color"": ""Cinza"", ""ageGroup"": ""adult"", ""gender"": ""unisex""}","{""color"": ""title_color_token_aggressive"", ""ageGroup"": ""default_adult_lucas_completeness_policy"", ""gender"": ""default_unisex_lucas_completeness_policy""}",ready_for_wave4_aggressive_nonprice_apply,True,True,color filled from title token or Multicolor fallback; ageGroup default adult; gender default unisex; price remains excluded
online:pt:BR:DA6672-200-41,DA6672-200-41,Tenis Nike Craft General Purpose Shoe Tom Sachs,color,"{""color"": ""Multicolor""}","{""color"": ""default_color_multicolor_lucas_completeness_policy""}",ready_for_wave4_aggressive_nonprice_apply,True,False,color filled from title token or Multicolor fallback
online:pt:BR:12475328072847087695,12475328072847087695,42,size,"{""sizes"": [""42""]}","{""sizes"": ""offer_or_title_numeric_size_token""}",ready_for_wave4_aggressive_nonprice_apply,True,False,size filled from title/offer/one-size token
online:pt:BR:5627606835540697766,5627606835540697766,M/m,color; size,"{""color"": ""Multicolor"", ""sizes"": [""M""]}","{""color"": ""default_color_multicolor_lucas_completeness_policy"", ""sizes"": ""offer_or_title_alpha_size_token""}",ready_for_wave4_aggressive_nonprice_apply,True,False,color filled from title token or Multicolor fallback; size filled from title/offer/one-size token
online:pt:BR:9250025623243509812,9250025623243509812,Calça Saint Studio Wide Alfaiataria Risca de Giz Preta,age group; color; gender; price; size,"{""color"": ""Preto"", ""ageGroup"": ""adult"", ""gender"": ""unisex""}","{""color"": ""title_color_token_aggressive"", ""ageGroup"": ""default_adult_lucas_completeness_policy"", ""gender"": ""default_unisex_lucas_completeness_policy""}",ready_for_wave4_aggressive_nonprice_apply,True,True,color filled from title token or Multicolor fallback; ageGroup default adult; gender default unisex; price remains excluded
online:pt:BR:601647069162867212,601647069162867212,Pop Mart Labubu The Monsters Tasty Macarons Lychee Berry Vinyl Plush Pingente,color,"{""color"": ""Multicolor""}","{""color"": ""default_color_multicolor_lucas_completeness_policy""}",ready_for_wave4_aggressive_nonprice_apply,True,False,color filled from title token or Multicolor fallback
online:pt:BR:HF8022300-1,HF8022300-1,Yuto Horigome x Dunk Low SB Matcha,color,"{""color"": ""Multicolor""}","{""color"": ""default_color_multicolor_lucas_completeness_policy""}",ready_for_wave4_aggressive_nonprice_apply,True,False,color filled from title token or Multicolor fallback
online:pt:BR:2669418431140851356,2669418431140851356,Natural,price,{},{},blocked_price_only_no_nonprice_update,False,True,price remains excluded
online:pt:BR:9783836585095,9783836585095,Livro Taschen Virgil Abloh Nike ICONS,color; size,"{""color"": ""Multicolor""}","{""color"": ""default_color_multicolor_lucas_completeness_policy""}",ready_for_wave4_aggressive_nonprice_apply,True,False,color filled from title token or Multicolor fallback
online:pt:BR:13294493627572294660,13294493627572294660,Camiseta Oversized Fear of God Essentials Heavy Jet Black Preto,age group; color; gender; price; size,"{""color"": ""Preto"", ""ageGroup"": ""adult"", ""gender"": ""unisex""}","{""color"": ""title_color_token_aggressive"", ""ageGroup"": ""default_adult_lucas_completeness_policy"", ""gender"": ""default_unisex_lucas_completeness_policy""}",ready_for_wave4_aggressive_nonprice_apply,True,True,color filled from title token or Multicolor fallback; ageGroup default adult; gender default unisex; price remains excluded
online:pt:BR:HV6417-001-3,HV6417-001-3,Tênis Nike Zoom Vomero 5 Metallic Silver Platinum Violet Prateado/Violeta,color,"{""color"": ""Prata""}","{""color"": ""title_color_token_aggressive""}",ready_for_wave4_aggressive_nonprice_apply,True,False,color filled from title token or Multicolor fallback
online:pt:BR:MR530TA-3,MR530TA-3,Tênis New Balance 530 Silver Cream Prateado,color,"{""color"": ""Prata / Creme""}","{""color"": ""title_color_token_aggressive""}",ready_for_wave4_aggressive_nonprice_apply,True,False,color filled from title token or Multicolor fallback
online:pt:BR:KTH-4813662-OS,KTH-4813662-OS,Boné Kith Script Logo Classic Boné Nocturnal Branco/Azul,size,"{""sizes"": [""Único""]}","{""sizes"": ""offer_or_title_one_size_token""}",ready_for_wave4_aggressive_nonprice_apply,True,False,size filled from title/offer/one-size token
online:pt:BR:DA6672-200-36,DA6672-200-36,Tenis Nike Craft General Purpose Shoe Tom Sachs,color,"{""color"": ""Multicolor""}","{""color"": ""default_color_multicolor_lucas_completeness_policy""}",ready_for_wave4_aggressive_nonprice_apply,True,False,color filled from title token or Multicolor fallback
online:pt:BR:HF8022300-6,HF8022300-6,Yuto Horigome x Dunk Low SB Matcha,color,"{""color"": ""Multicolor""}","{""color"": ""default_color_multicolor_lucas_completeness_policy""}",ready_for_wave4_aggressive_nonprice_apply,True,False,color filled from title token or Multicolor fallback
online:pt:BR:16606924615096196772,16606924615096196772,G/l,size,"{""sizes"": [""G""]}","{""sizes"": ""offer_or_title_alpha_size_token""}",ready_for_wave4_aggressive_nonprice_apply,True,False,size filled from title/offer/one-size token
online:pt:BR:JP5309-6,JP5309-6,Tênis Adidas Gazelle Indoor Liberty London Floral Embroidery Multi-Color,color,"{""color"": ""Multicolor""}","{""color"": ""default_color_multicolor_lucas_completeness_policy""}",ready_for_wave4_aggressive_nonprice_apply,True,False,color filled from title token or Multicolor fallback
online:pt:BR:15047612723779191692,15047612723779191692,37,color; size,"{""color"": ""Multicolor"", ""sizes"": [""37""]}","{""color"": ""default_color_multicolor_lucas_completeness_policy"", ""sizes"": ""offer_or_title_numeric_size_token""}",ready_for_wave4_aggressive_nonprice_apply,True,False,color filled from title token or Multicolor fallback; size filled from title/offer/one-size token
online:pt:BR:DA6672-700-42,DA6672-700-42,Tenis Nike Craft General Purpose Shoe Tom Sachs Archive Dark Sulfur,color,"{""color"": ""Multicolor""}","{""color"": ""default_color_multicolor_lucas_completeness_policy""}",ready_for_wave4_aggressive_nonprice_apply,True,False,color filled from title token or Multicolor fallback
online:pt:BR:12196644472973744396,12196644472973744396,36/37,size,"{""sizes"": [""36""]}","{""sizes"": ""offer_or_title_numeric_size_token""}",ready_for_wave4_aggressive_nonprice_apply,True,False,size filled from title/offer/one-size token
online:pt:BR:JR4790-36,JR4790-36,Tênis Adidas Tokyo MJ Core Black Cream White Gold Metallic Preto,color,"{""color"": ""Preto / Branco / Creme""}","{""color"": ""title_color_token_aggressive""}",ready_for_wave4_aggressive_nonprice_apply,True,False,color filled from title token or Multicolor fallback
online:pt:BR:JQ9229-6,JQ9229-6,Tênis Adidas Ballerina Bad Bunny Off White Black Gum Branco,color,"{""color"": ""Off White / Branco / Preto""}","{""color"": ""title_color_token_aggressive""}",ready_for_wave4_aggressive_nonprice_apply,True,False,color filled from title token or Multicolor fallback
online:pt:BR:8419194273885247483,8419194273885247483,34,size,"{""sizes"": [""34""]}","{""sizes"": ""offer_or_title_numeric_size_token""}",ready_for_wave4_aggressive_nonprice_apply,True,False,size filled from title/offer/one-size token
online:pt:BR:DA6672-200-38,DA6672-200-38,Tenis Nike Craft General Purpose Shoe Tom Sachs,color,"{""color"": ""Multicolor""}","{""color"": ""default_color_multicolor_lucas_completeness_policy""}",ready_for_wave4_aggressive_nonprice_apply,True,False,color filled from title token or Multicolor fallback
online:pt:BR:NUD-2000478-M,NUD-2000478-M,Camiseta Baby Look Nude Project Juicy Cherry Branca,color,"{""color"": ""Branco""}","{""color"": ""title_color_token_aggressive""}",ready_for_wave4_aggressive_nonprice_apply,True,False,color filled from title token or Multicolor fallback
online:pt:BR:9783836571968,9783836571968,Livro Taschen The Adidas Archive: The Footwear Collection,color; size,"{""color"": ""Multicolor""}","{""color"": ""default_color_multicolor_lucas_completeness_policy""}",ready_for_wave4_aggressive_nonprice_apply,True,False,color filled from title token or Multicolor fallback
online:pt:BR:JI3098-5,JI3098-5,Tênis Adidas Samba OG x Disney Pixar Toy Story,color,"{""color"": ""Multicolor""}","{""color"": ""default_color_multicolor_lucas_completeness_policy""}",ready_for_wave4_aggressive_nonprice_apply,True,False,color filled from title token or Multicolor fallback
online:pt:BR:1475186660255881483,1475186660255881483,Camiseta Oversized Fear of God Essentials Ink Cinza,age group; color; gender; price; size,"{""color"": ""Cinza"", ""ageGroup"": ""adult"", ""gender"": ""unisex""}","{""color"": ""title_color_token_aggressive"", ""ageGroup"": ""default_adult_lucas_completeness_policy"", ""gender"": ""default_unisex_lucas_completeness_policy""}",ready_for_wave4_aggressive_nonprice_apply,True,True,color filled from title token or Multicolor fallback; ageGroup default adult; gender default unisex; price remains excluded
online:pt:BR:15690098651674929383,15690098651674929383,M/m,size,"{""sizes"": [""M""]}","{""sizes"": ""offer_or_title_alpha_size_token""}",ready_for_wave4_aggressive_nonprice_apply,True,False,size filled from title/offer/one-size token
online:pt:BR:JI3098-4,JI3098-4,Tênis Adidas Samba OG x Disney Pixar Toy Story,color,"{""color"": ""Multicolor""}","{""color"": ""default_color_multicolor_lucas_completeness_policy""}",ready_for_wave4_aggressive_nonprice_apply,True,False,color filled from title token or Multicolor fallback
online:pt:BR:DA6672-200-44,DA6672-200-44,Tenis Nike Craft General Purpose Shoe Tom Sachs,color,"{""color"": ""Multicolor""}","{""color"": ""default_color_multicolor_lucas_completeness_policy""}",ready_for_wave4_aggressive_nonprice_apply,True,False,color filled from title token or Multicolor fallback
online:pt:BR:ALD-2515934-XL,ALD-2515934-XL,Camiseta Aimé Leon Dore Musician Graphic Preta,color,"{""color"": ""Preto""}","{""color"": ""title_color_token_aggressive""}",ready_for_wave4_aggressive_nonprice_apply,True,False,color filled from title token or Multicolor fallback
online:pt:BR:HF8022300-10,HF8022300-10,Yuto Horigome x Dunk Low SB Matcha,color,"{""color"": ""Multicolor""}","{""color"": ""default_color_multicolor_lucas_completeness_policy""}",ready_for_wave4_aggressive_nonprice_apply,True,False,color filled from title token or Multicolor fallback
online:pt:BR:16552051163064136080,16552051163064136080,43,size,"{""sizes"": [""43""]}","{""sizes"": ""offer_or_title_numeric_size_token""}",ready_for_wave4_aggressive_nonprice_apply,True,False,size filled from title/offer/one-size token
online:pt:BR:DA6672-700-34,DA6672-700-34,Tenis Nike Craft General Purpose Shoe Tom Sachs Archive Dark Sulfur,color,"{""color"": ""Multicolor""}","{""color"": ""default_color_multicolor_lucas_completeness_policy""}",ready_for_wave4_aggressive_nonprice_apply,True,False,color filled from title token or Multicolor fallback
online:pt:BR:DA6672-200-42,DA6672-200-42,Tenis Nike Craft General Purpose Shoe Tom Sachs,color,"{""color"": ""Multicolor""}","{""color"": ""default_color_multicolor_lucas_completeness_policy""}",ready_for_wave4_aggressive_nonprice_apply,True,False,color filled from title token or Multicolor fallback
online:pt:BR:8532426969879844901,8532426969879844901,Boné Aimé Leon Dore Micro Logo Pristine Off White,age group; color; gender; price,"{""color"": ""Off White / Branco"", ""ageGroup"": ""adult"", ""gender"": ""unisex""}","{""color"": ""title_color_token_aggressive"", ""ageGroup"": ""default_adult_lucas_completeness_policy"", ""gender"": ""default_unisex_lucas_completeness_policy""}",ready_for_wave4_aggressive_nonprice_apply,True,True,color filled from title token or Multicolor fallback; ageGroup default adult; gender default unisex; price remains excluded
online:pt:BR:DA6672-200-34,DA6672-200-34,Tenis Nike Craft General Purpose Shoe Tom Sachs,color,"{""color"": ""Multicolor""}","{""color"": ""default_color_multicolor_lucas_completeness_policy""}",ready_for_wave4_aggressive_nonprice_apply,True,False,color filled from title token or Multicolor fallback
online:pt:BR:11806875313375187771,11806875313375187771,Camiseta Fear Of God Essentials Classic Short Sleeve Homestead Heather Bege,age group; color; gender; price; size,"{""color"": ""Bege"", ""ageGroup"": ""adult"", ""gender"": ""unisex""}","{""color"": ""title_color_token_aggressive"", ""ageGroup"": ""default_adult_lucas_completeness_policy"", ""gender"": ""default_unisex_lucas_completeness_policy""}",ready_for_wave4_aggressive_nonprice_apply,True,True,color filled from title token or Multicolor fallback; ageGroup default adult; gender default unisex; price remains excluded
online:pt:BR:JH7370-5,JH7370-5,Tênis Adidas Gazelle Indoor Liberty London Floral Embroidery Stripes Multi-Color,color,"{""color"": ""Multicolor""}","{""color"": ""default_color_multicolor_lucas_completeness_policy""}",ready_for_wave4_aggressive_nonprice_apply,True,False,color filled from title token or Multicolor fallback
online:pt:BR:JH7370-6,JH7370-6,Tênis Adidas Gazelle Indoor Liberty London Floral Embroidery Stripes Multi-Color,color,"{""color"": ""Multicolor""}","{""color"": ""default_color_multicolor_lucas_completeness_policy""}",ready_for_wave4_aggressive_nonprice_apply,True,False,color filled from title token or Multicolor fallback
online:pt:BR:13315860803624221806,13315860803624221806,Short Fear Of God Essentials Sporty Nylon Classic Jet Black Preto,age group; color; gender; price; size,"{""color"": ""Preto"", ""ageGroup"": ""adult"", ""gender"": ""unisex""}","{""color"": ""title_color_token_aggressive"", ""ageGroup"": ""default_adult_lucas_completeness_policy"", ""gender"": ""default_unisex_lucas_completeness_policy""}",ready_for_wave4_aggressive_nonprice_apply,True,True,color filled from title token or Multicolor fallback; ageGroup default adult; gender default unisex; price remains excluded
online:pt:BR:5390248129051651686,5390248129051651686,34,size,"{""sizes"": [""34""]}","{""sizes"": ""offer_or_title_numeric_size_token""}",ready_for_wave4_aggressive_nonprice_apply,True,False,size filled from title/offer/one-size token
online:pt:BR:12053538457178343768,12053538457178343768,40,size,"{""sizes"": [""40""]}","{""sizes"": ""offer_or_title_numeric_size_token""}",ready_for_wave4_aggressive_nonprice_apply,True,False,size filled from title/offer/one-size token
online:pt:BR:JRD-5205470-43,JRD-5205470-43,Tênis Nike Air Jordan 1 Retro High OG SP Union LA Chicago Shadow,color,"{""color"": ""Multicolor""}","{""color"": ""default_color_multicolor_lucas_completeness_policy""}",ready_for_wave4_aggressive_nonprice_apply,True,False,color filled from title token or Multicolor fallback
online:pt:BR:5328214585182033036,5328214585182033036,35,size,"{""sizes"": [""35""]}","{""sizes"": ""offer_or_title_numeric_size_token""}",ready_for_wave4_aggressive_nonprice_apply,True,False,size filled from title/offer/one-size token
online:pt:BR:1183A201-126-1,1183A201-126-1,Tênis Onitsuka Tiger Mexico 66 White Black Branco,color,"{""color"": ""Branco / Preto""}","{""color"": ""title_color_token_aggressive""}",ready_for_wave4_aggressive_nonprice_apply,True,False,color filled from title token or Multicolor fallback
online:pt:BR:JRD-5205470-44,JRD-5205470-44,Tênis Nike Air Jordan 1 Retro High OG SP Union LA Chicago Shadow,color,"{""color"": ""Multicolor""}","{""color"": ""default_color_multicolor_lucas_completeness_policy""}",ready_for_wave4_aggressive_nonprice_apply,True,False,color filled from title token or Multicolor fallback
online:pt:BR:JP5309-2,JP5309-2,Tênis Adidas Gazelle Indoor Liberty London Floral Embroidery Multi-Color,color,"{""color"": ""Multicolor""}","{""color"": ""default_color_multicolor_lucas_completeness_policy""}",ready_for_wave4_aggressive_nonprice_apply,True,False,color filled from title token or Multicolor fallback
online:pt:BR:JQ9229-7,JQ9229-7,Tênis Adidas Ballerina Bad Bunny Off White Black Gum Branco,color,"{""color"": ""Off White / Branco / Preto""}","{""color"": ""title_color_token_aggressive""}",ready_for_wave4_aggressive_nonprice_apply,True,False,color filled from title token or Multicolor fallback
online:pt:BR:JRD-9681118-OS,JRD-9681118-OS,Tênis Nike Air Jordan 1 Low SE Iced Lilac Preto,size,"{""sizes"": [""Único""]}","{""sizes"": ""offer_or_title_one_size_token""}",ready_for_wave4_aggressive_nonprice_apply,True,False,size filled from title/offer/one-size token
online:pt:BR:6271425026146428361,6271425026146428361,XL/Gg,size,"{""sizes"": [""XL""]}","{""sizes"": ""offer_or_title_alpha_size_token""}",ready_for_wave4_aggressive_nonprice_apply,True,False,size filled from title/offer/one-size token
online:pt:BR:15014470994320532817,15014470994320532817,36,size,"{""sizes"": [""36""]}","{""sizes"": ""offer_or_title_numeric_size_token""}",ready_for_wave4_aggressive_nonprice_apply,True,False,size filled from title/offer/one-size token
online:pt:BR:16359969147856982838,16359969147856982838,M/m,age group; gender; price; size,"{""sizes"": [""M""], ""ageGroup"": ""adult"", ""gender"": ""unisex""}","{""sizes"": ""offer_or_title_alpha_size_token"", ""ageGroup"": ""default_adult_lucas_completeness_policy"", ""gender"": ""default_unisex_lucas_completeness_policy""}",ready_for_wave4_aggressive_nonprice_apply,True,True,size filled from title/offer/one-size token; ageGroup default adult; gender default unisex; price remains excluded
online:pt:BR:JI3098-1,JI3098-1,Tênis Adidas Samba OG x Disney Pixar Toy Story,color,"{""color"": ""Multicolor""}","{""color"": ""default_color_multicolor_lucas_completeness_policy""}",ready_for_wave4_aggressive_nonprice_apply,True,False,color filled from title token or Multicolor fallback
online:pt:BR:JI3098-2,JI3098-2,Tênis Adidas Samba OG x Disney Pixar Toy Story,color,"{""color"": ""Multicolor""}","{""color"": ""default_color_multicolor_lucas_completeness_policy""}",ready_for_wave4_aggressive_nonprice_apply,True,False,color filled from title token or Multicolor fallback
online:pt:BR:JRD-8534238-OS,JRD-8534238-OS,Tênis Nike Air Jordan 4 Craft Cinza,size,"{""sizes"": [""Único""]}","{""sizes"": ""offer_or_title_one_size_token""}",ready_for_wave4_aggressive_nonprice_apply,True,False,size filled from title/offer/one-size token
online:pt:BR:ALD-2515934-L,ALD-2515934-L,Camiseta Aimé Leon Dore Musician Graphic Preta,color,"{""color"": ""Preto""}","{""color"": ""title_color_token_aggressive""}",ready_for_wave4_aggressive_nonprice_apply,True,False,color filled from title token or Multicolor fallback
online:pt:BR:DA6672-200-43,DA6672-200-43,Tenis Nike Craft General Purpose Shoe Tom Sachs,color,"{""color"": ""Multicolor""}","{""color"": ""default_color_multicolor_lucas_completeness_policy""}",ready_for_wave4_aggressive_nonprice_apply,True,False,color filled from title token or Multicolor fallback
online:pt:BR:JS0297-1,JS0297-1,Tênis Adidas Taekwondo Mei Cow Print (Women's) Animal Print,color,"{""color"": ""Multicolor""}","{""color"": ""default_color_multicolor_lucas_completeness_policy""}",ready_for_wave4_aggressive_nonprice_apply,True,False,color filled from title token or Multicolor fallback
online:pt:BR:JS0297-4,JS0297-4,Tênis Adidas Taekwondo Mei Cow Print (Women's) Animal Print,color,"{""color"": ""Multicolor""}","{""color"": ""default_color_multicolor_lucas_completeness_policy""}",ready_for_wave4_aggressive_nonprice_apply,True,False,color filled from title token or Multicolor fallback
online:pt:BR:1624428988081867066,1624428988081867066,Boné Aimé Leon Dore Porsche Nylon Logo Aspen Gold Amarelo | LK Sneaker,age group; color; gender; price,"{""color"": ""Amarelo / Dourado"", ""ageGroup"": ""adult"", ""gender"": ""unisex""}","{""color"": ""title_color_token_aggressive"", ""ageGroup"": ""default_adult_lucas_completeness_policy"", ""gender"": ""default_unisex_lucas_completeness_policy""}",ready_for_wave4_aggressive_nonprice_apply,True,True,color filled from title token or Multicolor fallback; ageGroup default adult; gender default unisex; price remains excluded
online:pt:BR:MR530TA-7,MR530TA-7,Tênis New Balance 530 Silver Cream Prateado,color,"{""color"": ""Prata / Creme""}","{""color"": ""title_color_token_aggressive""}",ready_for_wave4_aggressive_nonprice_apply,True,False,color filled from title token or Multicolor fallback
online:pt:BR:7958216211561773980,7958216211561773980,Bolsa Aimé Leon Dore x Porsche Commuter Preto | LK Sneakers,age group; color; gender; price,"{""color"": ""Preto"", ""ageGroup"": ""adult"", ""gender"": ""unisex""}","{""color"": ""title_color_token_aggressive"", ""ageGroup"": ""default_adult_lucas_completeness_policy"", ""gender"": ""default_unisex_lucas_completeness_policy""}",ready_for_wave4_aggressive_nonprice_apply,True,True,color filled from title token or Multicolor fallback; ageGroup default adult; gender default unisex; price remains excluded
online:pt:BR:1183A201-126-7,1183A201-126-7,Tênis Onitsuka Tiger Mexico 66 White Black Branco,color,"{""color"": ""Branco / Preto""}","{""color"": ""title_color_token_aggressive""}",ready_for_wave4_aggressive_nonprice_apply,True,False,color filled from title token or Multicolor fallback
online:pt:BR:8082476657063126648,8082476657063126648,43,size,"{""sizes"": [""43""]}","{""sizes"": ""offer_or_title_numeric_size_token""}",ready_for_wave4_aggressive_nonprice_apply,True,False,size filled from title/offer/one-size token
online:pt:BR:JQ9229-5,JQ9229-5,Tênis Adidas Ballerina Bad Bunny Off White Black Gum Branco,color,"{""color"": ""Off White / Branco / Preto""}","{""color"": ""title_color_token_aggressive""}",ready_for_wave4_aggressive_nonprice_apply,True,False,color filled from title token or Multicolor fallback
online:pt:BR:15507753369156717392,15507753369156717392,Camisa Manga Longa Oversized Saint Studio Egípcio Listrada Azul,age group; gender; price; size,"{""ageGroup"": ""adult"", ""gender"": ""unisex""}","{""ageGroup"": ""default_adult_lucas_completeness_policy"", ""gender"": ""default_unisex_lucas_completeness_policy""}",ready_for_wave4_aggressive_nonprice_apply,True,True,ageGroup default adult; gender default unisex; price remains excluded
online:pt:BR:12887836741223739253,12887836741223739253,34,size,"{""sizes"": [""34""]}","{""sizes"": ""offer_or_title_numeric_size_token""}",ready_for_wave4_aggressive_nonprice_apply,True,False,size filled from title/offer/one-size token
online:pt:BR:JRD-5205470-36,JRD-5205470-36,Tênis Nike Air Jordan 1 Retro High OG SP Union LA Chicago Shadow,color,"{""color"": ""Multicolor""}","{""color"": ""default_color_multicolor_lucas_completeness_policy""}",ready_for_wave4_aggressive_nonprice_apply,True,False,color filled from title token or Multicolor fallback
online:pt:BR:15702667075807199895,15702667075807199895,Moletom Fear Of God Essentials Classic Full Zip-Up Jet Black Preto,age group; color; gender; price; size,"{""color"": ""Preto"", ""ageGroup"": ""adult"", ""gender"": ""unisex""}","{""color"": ""title_color_token_aggressive"", ""ageGroup"": ""default_adult_lucas_completeness_policy"", ""gender"": ""default_unisex_lucas_completeness_policy""}",ready_for_wave4_aggressive_nonprice_apply,True,True,color filled from title token or Multicolor fallback; ageGroup default adult; gender default unisex; price remains excluded
online:pt:BR:13509922810333178540,13509922810333178540,L/g,size,"{""sizes"": [""L""]}","{""sizes"": ""offer_or_title_alpha_size_token""}",ready_for_wave4_aggressive_nonprice_apply,True,False,size filled from title/offer/one-size token
online:pt:BR:JRD-5205470-42,JRD-5205470-42,Tênis Nike Air Jordan 1 Retro High OG SP Union LA Chicago Shadow,color,"{""color"": ""Multicolor""}","{""color"": ""default_color_multicolor_lucas_completeness_policy""}",ready_for_wave4_aggressive_nonprice_apply,True,False,color filled from title token or Multicolor fallback
online:pt:BR:6620553011844522059,6620553011844522059,XL/Gg,size,"{""sizes"": [""XL""]}","{""sizes"": ""offer_or_title_alpha_size_token""}",ready_for_wave4_aggressive_nonprice_apply,True,False,size filled from title/offer/one-size token
online:pt:BR:JH7370-2,JH7370-2,Tênis Adidas Gazelle Indoor Liberty London Floral Embroidery Stripes Multi-Color,color,"{""color"": ""Multicolor""}","{""color"": ""default_color_multicolor_lucas_completeness_policy""}",ready_for_wave4_aggressive_nonprice_apply,True,False,color filled from title token or Multicolor fallback
online:pt:BR:2183-USA,2183-USA,Jason Markk Travel Shoe Cleaning Kit,color; size,"{""color"": ""Multicolor""}","{""color"": ""default_color_multicolor_lucas_completeness_policy""}",ready_for_wave4_aggressive_nonprice_apply,True,False,color filled from title token or Multicolor fallback
online:pt:BR:1025116-1A17741_2NM5J-1,1025116-1A17741_2NM5J-1,Tênis Onitsuka Tiger x Versace TAI-CHI Sakura Suede Têniss Brown Bege,color,"{""color"": ""Marrom / Bege""}","{""color"": ""title_color_token_aggressive""}",ready_for_wave4_aggressive_nonprice_apply,True,False,color filled from title token or Multicolor fallback
online:pt:BR:11314792792398542744,11314792792398542744,Moletom Oversized Nylon Fear of God Essentials Jet Black Preto,age group; color; gender; price; size,"{""color"": ""Preto"", ""ageGroup"": ""adult"", ""gender"": ""unisex""}","{""color"": ""title_color_token_aggressive"", ""ageGroup"": ""default_adult_lucas_completeness_policy"", ""gender"": ""default_unisex_lucas_completeness_policy""}",ready_for_wave4_aggressive_nonprice_apply,True,True,color filled from title token or Multicolor fallback; ageGroup default adult; gender default unisex; price remains excluded
online:pt:BR:300110,300110,Jason Markk Essential Kit de Limpeza,color; size,"{""color"": ""Multicolor""}","{""color"": ""default_color_multicolor_lucas_completeness_policy""}",ready_for_wave4_aggressive_nonprice_apply,True,False,color filled from title token or Multicolor fallback
online:pt:BR:MR530TA-1,MR530TA-1,Tênis New Balance 530 Silver Cream Prateado,color,"{""color"": ""Prata / Creme""}","{""color"": ""title_color_token_aggressive""}",ready_for_wave4_aggressive_nonprice_apply,True,False,color filled from title token or Multicolor fallback
online:pt:BR:DA6672-700-35,DA6672-700-35,Tenis Nike Craft General Purpose Shoe Tom Sachs Archive Dark Sulfur,color,"{""color"": ""Multicolor""}","{""color"": ""default_color_multicolor_lucas_completeness_policy""}",ready_for_wave4_aggressive_nonprice_apply,True,False,color filled from title token or Multicolor fallback
online:pt:BR:NUD-2000478-L,NUD-2000478-L,Camiseta Baby Look Nude Project Juicy Cherry Branca,color,"{""color"": ""Branco""}","{""color"": ""title_color_token_aggressive""}",ready_for_wave4_aggressive_nonprice_apply,True,False,color filled from title token or Multicolor fallback
online:pt:BR:HV6417-001-4,HV6417-001-4,Tênis Nike Zoom Vomero 5 Metallic Silver Platinum Violet Prateado/Violeta,color,"{""color"": ""Prata""}","{""color"": ""title_color_token_aggressive""}",ready_for_wave4_aggressive_nonprice_apply,True,False,color filled from title token or Multicolor fallback
online:pt:BR:8751205371375268276,8751205371375268276,Moletom Fear Of God Essentials Classic Jet Black Preto,age group; color; gender; price; size,"{""color"": ""Preto"", ""ageGroup"": ""adult"", ""gender"": ""unisex""}","{""color"": ""title_color_token_aggressive"", ""ageGroup"": ""default_adult_lucas_completeness_policy"", ""gender"": ""default_unisex_lucas_completeness_policy""}",ready_for_wave4_aggressive_nonprice_apply,True,True,color filled from title token or Multicolor fallback; ageGroup default adult; gender default unisex; price remains excluded
online:pt:BR:JP5309-1,JP5309-1,Tênis Adidas Gazelle Indoor Liberty London Floral Embroidery Multi-Color,color,"{""color"": ""Multicolor""}","{""color"": ""default_color_multicolor_lucas_completeness_policy""}",ready_for_wave4_aggressive_nonprice_apply,True,False,color filled from title token or Multicolor fallback
online:pt:BR:9780847866694,9780847866694,Livro Rizzoli Nike SB: The Dunk Book,color; size,"{""color"": ""Multicolor""}","{""color"": ""default_color_multicolor_lucas_completeness_policy""}",ready_for_wave4_aggressive_nonprice_apply,True,False,color filled from title token or Multicolor fallback
online:pt:BR:JQ9229-4,JQ9229-4,Tênis Adidas Ballerina Bad Bunny Off White Black Gum Branco,color,"{""color"": ""Off White / Branco / Preto""}","{""color"": ""title_color_token_aggressive""}",ready_for_wave4_aggressive_nonprice_apply,True,False,color filled from title token or Multicolor fallback
online:pt:BR:HF8022300-5,HF8022300-5,Yuto Horigome x Dunk Low SB Matcha,color,"{""color"": ""Multicolor""}","{""color"": ""default_color_multicolor_lucas_completeness_policy""}",ready_for_wave4_aggressive_nonprice_apply,True,False,color filled from title token or Multicolor fallback
online:pt:BR:8888219390173948734,8888219390173948734,Boné Aimé Leon Dore x Porsche Nylon Logo Pine Grove Verde,age group; color; gender; price,"{""color"": ""Verde"", ""ageGroup"": ""adult"", ""gender"": ""unisex""}","{""color"": ""title_color_token_aggressive"", ""ageGroup"": ""default_adult_lucas_completeness_policy"", ""gender"": ""default_unisex_lucas_completeness_policy""}",ready_for_wave4_aggressive_nonprice_apply,True,True,color filled from title token or Multicolor fallback; ageGroup default adult; gender default unisex; price remains excluded
online:pt:BR:JR4790-37,JR4790-37,Tênis Adidas Tokyo MJ Core Black Cream White Gold Metallic Preto,color,"{""color"": ""Preto / Branco / Creme""}","{""color"": ""title_color_token_aggressive""}",ready_for_wave4_aggressive_nonprice_apply,True,False,color filled from title token or Multicolor fallback
online:pt:BR:1183A201-126-10,1183A201-126-10,Tênis Onitsuka Tiger Mexico 66 White Black Branco,color,"{""color"": ""Branco / Preto""}","{""color"": ""title_color_token_aggressive""}",ready_for_wave4_aggressive_nonprice_apply,True,False,color filled from title token or Multicolor fallback
online:pt:BR:HF8022300-12,HF8022300-12,Yuto Horigome x Dunk Low SB Matcha,color,"{""color"": ""Multicolor""}","{""color"": ""default_color_multicolor_lucas_completeness_policy""}",ready_for_wave4_aggressive_nonprice_apply,True,False,color filled from title token or Multicolor fallback
online:pt:BR:DA6672-700-36,DA6672-700-36,Tenis Nike Craft General Purpose Shoe Tom Sachs Archive Dark Sulfur,color,"{""color"": ""Multicolor""}","{""color"": ""default_color_multicolor_lucas_completeness_policy""}",ready_for_wave4_aggressive_nonprice_apply,True,False,color filled from title token or Multicolor fallback
online:pt:BR:HF8022300-8,HF8022300-8,Yuto Horigome x Dunk Low SB Matcha,color,"{""color"": ""Multicolor""}","{""color"": ""default_color_multicolor_lucas_completeness_policy""}",ready_for_wave4_aggressive_nonprice_apply,True,False,color filled from title token or Multicolor fallback
online:pt:BR:1025116-1A17741_2NM5J-3,1025116-1A17741_2NM5J-3,Tênis Onitsuka Tiger x Versace TAI-CHI Sakura Suede Têniss Brown Bege,color,"{""color"": ""Marrom / Bege""}","{""color"": ""title_color_token_aggressive""}",ready_for_wave4_aggressive_nonprice_apply,True,False,color filled from title token or Multicolor fallback
online:pt:BR:1025116-1A17741_2NM5J-6,1025116-1A17741_2NM5J-6,Tênis Onitsuka Tiger x Versace TAI-CHI Sakura Suede Têniss Brown Bege,color,"{""color"": ""Marrom / Bege""}","{""color"": ""title_color_token_aggressive""}",ready_for_wave4_aggressive_nonprice_apply,True,False,color filled from title token or Multicolor fallback
online:pt:BR:SLCRBVNV-3,SLCRBVNV-3,Camiseta Slyce Racquet Club Bordada Azul Marinho,color,"{""color"": ""Azul""}","{""color"": ""title_color_token_aggressive""}",ready_for_wave4_aggressive_nonprice_apply,True,False,color filled from title token or Multicolor fallback
online:pt:BR:10695397335246538087,10695397335246538087,42,color; size,"{""color"": ""Multicolor"", ""sizes"": [""42""]}","{""color"": ""default_color_multicolor_lucas_completeness_policy"", ""sizes"": ""offer_or_title_numeric_size_token""}",ready_for_wave4_aggressive_nonprice_apply,True,False,color filled from title token or Multicolor fallback; size filled from title/offer/one-size token
online:pt:BR:JP5309-5,JP5309-5,Tênis Adidas Gazelle Indoor Liberty London Floral Embroidery Multi-Color,color,"{""color"": ""Multicolor""}","{""color"": ""default_color_multicolor_lucas_completeness_policy""}",ready_for_wave4_aggressive_nonprice_apply,True,False,color filled from title token or Multicolor fallback
online:pt:BR:LLM-4879198-OS,LLM-4879198-OS,Boné Lululemon Tennis Club Azul,size,"{""sizes"": [""Único""]}","{""sizes"": ""offer_or_title_one_size_token""}",ready_for_wave4_aggressive_nonprice_apply,True,False,size filled from title/offer/one-size token
online:pt:BR:JCQ007,JCQ007,Bolsa Jacquemus Le Bambino Long Flap Bag Leopard Print,color,"{""color"": ""Animal Print""}","{""color"": ""title_color_token_aggressive""}",ready_for_wave4_aggressive_nonprice_apply,True,False,color filled from title token or Multicolor fallback
online:pt:BR:9914706510510919523,9914706510510919523,37,color; size,"{""color"": ""Multicolor"", ""sizes"": [""37""]}","{""color"": ""default_color_multicolor_lucas_completeness_policy"", ""sizes"": ""offer_or_title_numeric_size_token""}",ready_for_wave4_aggressive_nonprice_apply,True,False,color filled from title token or Multicolor fallback; size filled from title/offer/one-size token
online:pt:BR:3256183830573196292,3256183830573196292,L/g,size,"{""sizes"": [""L""]}","{""sizes"": ""offer_or_title_alpha_size_token""}",ready_for_wave4_aggressive_nonprice_apply,True,False,size filled from title/offer/one-size token
online:pt:BR:1183A201-126-8,1183A201-126-8,Tênis Onitsuka Tiger Mexico 66 White Black Branco,color,"{""color"": ""Branco / Preto""}","{""color"": ""title_color_token_aggressive""}",ready_for_wave4_aggressive_nonprice_apply,True,False,color filled from title token or Multicolor fallback
online:pt:BR:12820359859699264559,12820359859699264559,Camiseta Fear Of God Essentials Jersey Crewneck Heather Bege,age group; color; gender; price; size,"{""color"": ""Bege"", ""ageGroup"": ""adult"", ""gender"": ""unisex""}","{""color"": ""title_color_token_aggressive"", ""ageGroup"": ""default_adult_lucas_completeness_policy"", ""gender"": ""default_unisex_lucas_completeness_policy""}",ready_for_wave4_aggressive_nonprice_apply,True,True,color filled from title token or Multicolor fallback; ageGroup default adult; gender default unisex; price remains excluded
online:pt:BR:17623149180616410488,17623149180616410488,Jaqueta Aimé Leon Dore x Porsche Nylon Track,age group; color; gender; price; size,"{""color"": ""Multicolor"", ""ageGroup"": ""adult"", ""gender"": ""unisex""}","{""color"": ""default_color_multicolor_lucas_completeness_policy"", ""ageGroup"": ""default_adult_lucas_completeness_policy"", ""gender"": ""default_unisex_lucas_completeness_policy""}",ready_for_wave4_aggressive_nonprice_apply,True,True,color filled from title token or Multicolor fallback; ageGroup default adult; gender default unisex; price remains excluded
online:pt:BR:JH7370-1,JH7370-1,Tênis Adidas Gazelle Indoor Liberty London Floral Embroidery Stripes Multi-Color,color,"{""color"": ""Multicolor""}","{""color"": ""default_color_multicolor_lucas_completeness_policy""}",ready_for_wave4_aggressive_nonprice_apply,True,False,color filled from title token or Multicolor fallback
online:pt:BR:6577883094469507641,6577883094469507641,43,color; size,"{""color"": ""Multicolor"", ""sizes"": [""43""]}","{""color"": ""default_color_multicolor_lucas_completeness_policy"", ""sizes"": ""offer_or_title_numeric_size_token""}",ready_for_wave4_aggressive_nonprice_apply,True,False,color filled from title token or Multicolor fallback; size filled from title/offer/one-size token
online:pt:BR:10310578515087778063,10310578515087778063,40,size,"{""sizes"": [""40""]}","{""sizes"": ""offer_or_title_numeric_size_token""}",ready_for_wave4_aggressive_nonprice_apply,True,False,size filled from title/offer/one-size token
online:pt:BR:JR4790-40,JR4790-40,Tênis Adidas Tokyo MJ Core Black Cream White Gold Metallic Preto,color,"{""color"": ""Preto / Branco / Creme""}","{""color"": ""title_color_token_aggressive""}",ready_for_wave4_aggressive_nonprice_apply,True,False,color filled from title token or Multicolor fallback
online:pt:BR:1025116-1A17741_2NM5J-7,1025116-1A17741_2NM5J-7,Tênis Onitsuka Tiger x Versace TAI-CHI Sakura Suede Têniss Brown Bege,color,"{""color"": ""Marrom / Bege""}","{""color"": ""title_color_token_aggressive""}",ready_for_wave4_aggressive_nonprice_apply,True,False,color filled from title token or Multicolor fallback
online:pt:BR:6666401935644385163,6666401935644385163,Pop Mart Labubu The Monsters Coca-Cola Series Figure Single Blind Box [Lacrado],price,{},{},blocked_price_only_no_nonprice_update,False,True,price remains excluded
online:pt:BR:JRD-5205470-39,JRD-5205470-39,Tênis Nike Air Jordan 1 Retro High OG SP Union LA Chicago Shadow,color,"{""color"": ""Multicolor""}","{""color"": ""default_color_multicolor_lucas_completeness_policy""}",ready_for_wave4_aggressive_nonprice_apply,True,False,color filled from title token or Multicolor fallback
online:pt:BR:HF8022300-9,HF8022300-9,Yuto Horigome x Dunk Low SB Matcha,color,"{""color"": ""Multicolor""}","{""color"": ""default_color_multicolor_lucas_completeness_policy""}",ready_for_wave4_aggressive_nonprice_apply,True,False,color filled from title token or Multicolor fallback
online:pt:BR:2243578831328686793,2243578831328686793,35,size,"{""sizes"": [""35""]}","{""sizes"": ""offer_or_title_numeric_size_token""}",ready_for_wave4_aggressive_nonprice_apply,True,False,size filled from title/offer/one-size token
online:pt:BR:DA6672-700-41,DA6672-700-41,Tenis Nike Craft General Purpose Shoe Tom Sachs Archive Dark Sulfur,color,"{""color"": ""Multicolor""}","{""color"": ""default_color_multicolor_lucas_completeness_policy""}",ready_for_wave4_aggressive_nonprice_apply,True,False,color filled from title token or Multicolor fallback
online:pt:BR:HF8022300-3,HF8022300-3,Yuto Horigome x Dunk Low SB Matcha,color,"{""color"": ""Multicolor""}","{""color"": ""default_color_multicolor_lucas_completeness_policy""}",ready_for_wave4_aggressive_nonprice_apply,True,False,color filled from title token or Multicolor fallback
online:pt:BR:SLCRBVNV-2,SLCRBVNV-2,Camiseta Slyce Racquet Club Bordada Azul Marinho,color,"{""color"": ""Azul""}","{""color"": ""title_color_token_aggressive""}",ready_for_wave4_aggressive_nonprice_apply,True,False,color filled from title token or Multicolor fallback
online:pt:BR:1025116-1A17741_2NM5J-10,1025116-1A17741_2NM5J-10,Tênis Onitsuka Tiger x Versace TAI-CHI Sakura Suede Têniss Brown Bege,color,"{""color"": ""Marrom / Bege""}","{""color"": ""title_color_token_aggressive""}",ready_for_wave4_aggressive_nonprice_apply,True,False,color filled from title token or Multicolor fallback
online:pt:BR:1025116-1A17741_2NM5J-5,1025116-1A17741_2NM5J-5,Tênis Onitsuka Tiger x Versace TAI-CHI Sakura Suede Têniss Brown Bege,color,"{""color"": ""Marrom / Bege""}","{""color"": ""title_color_token_aggressive""}",ready_for_wave4_aggressive_nonprice_apply,True,False,color filled from title token or Multicolor fallback
online:pt:BR:JS0297-2,JS0297-2,Tênis Adidas Taekwondo Mei Cow Print (Women's) Animal Print,color,"{""color"": ""Multicolor""}","{""color"": ""default_color_multicolor_lucas_completeness_policy""}",ready_for_wave4_aggressive_nonprice_apply,True,False,color filled from title token or Multicolor fallback
online:pt:BR:JR4790-34,JR4790-34,Tênis Adidas Tokyo MJ Core Black Cream White Gold Metallic Preto,color,"{""color"": ""Preto / Branco / Creme""}","{""color"": ""title_color_token_aggressive""}",ready_for_wave4_aggressive_nonprice_apply,True,False,color filled from title token or Multicolor fallback
online:pt:BR:JQ9229-9,JQ9229-9,Tênis Adidas Ballerina Bad Bunny Off White Black Gum Branco,color,"{""color"": ""Off White / Branco / Preto""}","{""color"": ""title_color_token_aggressive""}",ready_for_wave4_aggressive_nonprice_apply,True,False,color filled from title token or Multicolor fallback
online:pt:BR:1025116-1A17741_2NM5J-8,1025116-1A17741_2NM5J-8,Tênis Onitsuka Tiger x Versace TAI-CHI Sakura Suede Têniss Brown Bege,color,"{""color"": ""Marrom / Bege""}","{""color"": ""title_color_token_aggressive""}",ready_for_wave4_aggressive_nonprice_apply,True,False,color filled from title token or Multicolor fallback
online:pt:BR:16354631407067711955,16354631407067711955,Bolsa Aimé Leon Dore x Porsche Nylon Briefcase Preto | LK Sneakers,price,{},{},blocked_price_only_no_nonprice_update,False,True,price remains excluded
